test,predict
3.546444444,3.680556
3.666222222,3.7183514
3.271777778,3.7900465
3.419888889,3.800198
3.2675555560000005,3.6256425
3.297333333,3.285468
3.220222222,3.4915087
3.066444444,3.3784676
3.261555556,3.0499418
3.442888889,3.1762228
3.465555556,3.569658
3.334333333,3.6705234
3.401333333,3.1988156
3.192333333,3.159411
3.067,3.0780034
2.997222222,2.903296
2.784222222,2.9550533
2.89,3.0521374
2.818777778,3.1867585
2.868555556,3.0012064
2.731222222,3.1098406
2.762777778,3.2670128
2.698666667,3.609511
