test,predict
3.439888889,3.586738
3.566666667,3.550131
3.6527777780000004,3.5769014
4.180555556,3.6166768
3.887,3.3523772
3.747111111,3.0569372
3.7238888889999995,3.001854
3.6333333329999995,3.1620038
3.439555556,3.1350155
3.402666667,3.2060301
3.162777778,3.0898383
3.145888889,3.158729
3.336222222,3.1135647
3.028777778,3.2315485
2.881555556,3.2015693
2.794666667,3.186952
2.818555556,3.2138236
2.762222222,3.121506
2.901111111,3.1149492
2.9221111109999995,2.9544759
2.893666667,2.875098
2.941111111,2.9938674
2.9066666670000005,3.5961993
