test,predict
3.439888889,3.4868195
3.566666667,3.436167
3.6527777780000004,3.5290496
4.180555556,3.4985003
3.887,3.321551
3.747111111,3.1631815
3.7238888889999995,3.010574
3.6333333329999995,2.9586205
3.439555556,2.9734619
3.402666667,3.076909
3.162777778,3.0812495
3.145888889,3.178163
3.336222222,3.083237
3.028777778,3.3179302
2.881555556,3.2634244
2.794666667,3.3191988
2.818555556,3.331955
2.762222222,3.2664366
2.901111111,2.9805346
2.9221111109999995,2.9001842
2.893666667,2.8923774
2.941111111,2.9600894
2.9066666670000005,3.6192112
