test,predict
3.546444444,3.6598403
3.666222222,3.746571
3.271777778,3.8305304
3.419888889,3.829823
3.2675555560000005,3.5757353
3.297333333,3.2531009
3.220222222,3.3574865
3.066444444,3.2273166
3.261555556,3.101512
3.442888889,3.266617
3.465555556,3.3591406
3.334333333,3.2369773
3.401333333,3.1465685
3.192333333,3.082028
3.067,3.00829
2.997222222,3.0178876
2.784222222,3.1535993
2.89,3.0472517
2.818777778,3.171283
2.868555556,3.0256155
2.731222222,3.24959
2.762777778,3.3164377
2.698666667,3.5149271
