test,predict
4.449555556,3.234712
4.023333333,3.1387057
3.948444444,3.0370567
3.3478888890000005,2.9128146
3.348,3.0562549
3.424,3.3906257
3.420888889,3.4283457
3.226666667,3.3113968
3.051333333,3.290217
3.029444444,3.169753
3.196555556,3.1119535
3.096888889,3.015085
3.162777778,2.957983
3.1025555559999995,3.0162358
3.053555556,2.913747
3.005888889,2.8721628
3.043444444,2.921879
3.149888889,2.8461452
3.121888889,2.920994
3.016777778,3.085696
3.085555556,3.2984304
3.0960000000000005,3.040335
2.971333333,3.082493
