test,predict
3.439888889,3.587104
3.566666667,3.520621
3.6527777780000004,3.5214288
4.180555556,3.5340495
3.887,3.3905916
3.747111111,3.1748228
3.7238888889999995,3.060953
3.6333333329999995,3.1344428
3.439555556,3.1091857
3.402666667,3.1514914
3.162777778,3.150818
3.145888889,3.2481456
3.336222222,3.1377606
3.028777778,3.1609185
2.881555556,3.190567
2.794666667,3.329887
2.818555556,3.328159
2.762222222,3.1997297
2.901111111,3.036334
2.9221111109999995,2.9655187
2.893666667,2.895229
2.941111111,2.8259797
2.9066666670000005,3.4999847
